title,links,description,features,subcategory,category,integration,price,discountCode
AI Picasso,https://aipicasso.studio.site/?ref=ai-pedia,Experience the magic of AI-generated artwork with Stable Diffusion. Create stunning visuals effortlessly by simply entering text. Unleash your creativity and explore the possibilities of art with AI.,"Powerful AI technology for creating amazing artwork;
Generates images from text input using Stable Diffusion;
Easy and intuitive interface for creating art with AI;
Endless possibilities for creating unique and personalized artwork;
Saves time and effort compared to traditional art creation methods;
Accessible to anyone, regardless of artistic skill level;
SEO optimized for easy discovery and visibility online;",Image generator,,,Paid,
Adobe Sensei,https://www.adobe.com/br/sensei?ref=ai-pedia,Streamline your customer experience with Sensei's AI and machine learning technology. Effortlessly design and deliver personalized marketing campaigns for better results.,"AI and machine learning technology for designing and delivering customer experience;
Simplifies the process of creating a perfect customer experience;
Informed decision-making through data analysis;
Targeted marketing for improved results;",Marketing,,,Paid,
Emergent Drums by Audialab,https://audialab.com/?ref=ai-pedia,"Create one-of-a-kind drum sounds with AI technology and our innovative plugin, producing limitless options that are free of any copyright restrictions.","Unique drum samples generated using AI technology;
Endless possibilities for drum sounds;
Royalty-free samples;
Breakthrough plugin for easy use;
High-quality sound output;
Innovative approach to music production;
Saves time and effort in creating drum samples;
Compatible with various music production software;
Enhances creativity and experimentation in music production;
Accessible to both amateur and professional musicians;",Audio sample,,,Paid,
Airtest,https://www.airtest.dev/?ref=ai-pedia,"Revamp your code with ease! Generate documentation, unit tests, and more by simply pasting your code and selecting your preferred language or framework. Witness the magic of our code refactoring tool.","Code refactoring;
Documentation generation;
Unit test creation;
Easy input of code blocks;
Language and framework selection;
Quick generation of results;
Simplified coding process;
Improved code quality;
Time-saving tool;
User-friendly interface;",Code assistant,,,Paid,
Bito,https://bito.co/?ref=ai-pedia,"Bito's AI Assistant is a powerful tool for developers, utilizing OpenAI's ChatGPT to enhance productivity in Chrome, VS Code, CLI, and IDE. With the ability to assist with code writing, syntax comprehension, test case creation, code explanation and commenting, security checks, and high-level concept explanation, Bito AI is a game-changer. Trained on vast amounts of technical knowledge and code, it streamlines the development process and eliminates the need for time-consuming web searches.","Uses OpenAI's ChatGPT to accelerate developer impact;
Works in Chrome, VS Code, CLI, and IDE;
Helps with writing code, understanding syntax, writing test cases, explaining code, commenting code, checking security, and explaining high level concepts;
Trained on billions of lines of code and technical knowledge;
Saves time by eliminating the need to search the web or waste time on tedious tasks;","Virtual assistant , Developer tool",,"Browser extension, Visual studio code, GPT",Paid,
GPTduck,https://www.gptduck.com/?ref=ai-pedia,GPTDuck is a powerful tool that provides quick and accurate answers to your queries related to any Github repository.,"GPTDuck is a powerful tool for Github repository analysis;
It helps you find answers to your questions about a Github repository;
The platform uses advanced machine learning algorithms to provide accurate results;
GPTDuck is user-friendly and easy to navigate;
It saves time and effort by providing quick and efficient results;
The platform is constantly updated to ensure the best user experience;
GPTDuck is a valuable resource for developers and Github users alike;
It offers a range of features to help you analyze and understand Github repositories;
The platform is optimized for SEO, making it easy to find and use.","Developer tool, Code assistant",,"GPT, Github",Free,
Artifact News,https://artifact.news/?ref=ai-pedia,Get the latest news tailored just for you with our AI-powered personalized news feed.,"Personalized news feed tailored to individual interests;
Utilizes artificial intelligence to curate content;
Saves time by delivering relevant news directly to the user;
Increases engagement by providing content that is more likely to be of interest;
Improves user experience by reducing the need to search for news manually;
Enhances user satisfaction by delivering high-quality content consistently;
Boosts user retention by providing a unique and valuable feature;",News feed,,,Freemium,
AI CLI,https://github.com/abhagsain/ai-cli?ref=ai-pedia,Access CLI command answers with ease using GPT3 through ai-cli on GitHub's .,"Access to GPT3 for CLI command answers;
Integration with GitHub;
Terminal-based interface;
AI-powered responses;
Convenient and efficient way to get answers for CLI commands;",Code assistant,,"GPT, Github",Free,
Caroot,https://caroot.app?ref=ai-pedia,"Caroot is a free app that simplifies tasks for solopreneurs such as TikTokers, Airbnb hosts, therapists, and online shop owners. With faster and higher quality results, download Caroot today to streamline your workload.","Caroot is a free app designed for Solopreneurs;
Helps with tasks for Tiktoker, Host Airbnb, Therapist, Online Shop Owner, and more;
Simplifies and speeds up tasks with higher quality results;
Easy to download and use;
Saves time and effort for busy Solopreneurs;",Task Management,,Mobile app,Free,
Canva Text-to-Image,https://canva.com/your-apps/text-to-image?ref=ai-pedia,Create stunning visuals with our AI-powered image generator app. Effortlessly bring your words to life with just a few clicks.,"Free AI image generator app;
Transform words into vivid pictures;
Easy to use;
Simply type what you want to see;
Watch your ideas come to life;
Saves time and effort;
Enhances creativity;
No design skills required;
SEO optimized;",Image generator,,,Free,
AIDE,https://aide.app/?ref=ai-pedia,"Get a clear view of your inbox and boost your team's productivity with Aide's AI-powered tools. Our Machine Learning technology and intelligent suggestions help your agents respond to customer issues faster, leading to higher satisfaction rates.","AI-powered inbox management;
Hands-free Machine Learning technology;
Intelligent suggestions for efficient operations;
High-level view of customer issues;
Tooling to assist agents in responding faster;
Improved customer satisfaction;
Efficient operations for higher productivity;
Augmented agents for better performance;","Customer service, AI Assistant",,,Paid,
AISEO AI,https://aiseo.ai?ref=ai-pedia,"AISEO streamlines content creation by providing a writing assistant that generates SEO-friendly content in mere minutes. Additionally, AISEO boasts the most advanced paraphrasing tool available.","AISEO is a writing assistant that helps you generate SEO optimized content quickly;
Advanced paraphrasing tool available;
Saves time by reducing content creation time from hours to minutes;
Helps improve search engine rankings with optimized content;
User-friendly interface for easy use;
Provides suggestions for improving content quality and readability;
Offers a range of writing templates for different types of content;
Helps writers avoid plagiarism with built-in plagiarism checker;
Provides real-time feedback on grammar and spelling errors;
Offers a free trial for users to test out the platform before committing to a subscription.","Writing tool, SEO ",,,Paid,
JokeLub,https://jokelub.com/?ref=ai-pedia,Transform your writing into a hilarious masterpiece with just a click. Bring joy to your readers with a touch of humor.,"Instantly turn your writing into a joke;
Bring a smile to people's faces;
Easy to use platform;
Enhance your writing skills with humor;
Perfect for social media posts, emails, and more;
SEO optimized content for better visibility;
Accessible from anywhere with an internet connection;
No prior comedy experience required;
Affordable pricing options;
Regular updates and new features added;",Fun,,,Free,
LogoAI,https://www.logoai.com/?coupon=ai-pedia,"Create a stunning logo and brand with ease using our AI-powered logo maker. Our platform generates beautiful results and matching stationery, making it simple for business owners to design a brand they love.","AI-powered logo maker for easy and efficient logo creation;
Matching stationery design for a cohesive brand image;
Beautiful results that business owners will love;
User-friendly platform for easy navigation and use;
Powered by AI technology for advanced logo design capabilities;
SEO optimized for increased online visibility and search engine rankings.",Logo Design,,,Freemium,
Writesonic,https://writesonic.com?via=ai-pedia,"Writesonic is an innovative AI writer that generates SEO-optimized content for various platforms, including blogs, Facebook ads, Google ads, and Shopify. With our advanced paraphrasing tool, you can effortlessly rephrase entire articles in no time.","AI-powered content creation for blogs, Facebook ads, Google ads, and Shopify;
Free to use platform;
SEO-friendly content creation;
Paraphrasing tool for instant article rephrasing;
Time-saving solution for content creation;
User-friendly interface for easy navigation;
High-quality content output;
Customizable content creation options;
Efficient and effective content creation process;","Content creation, All-in-one",,,Free,
Copy.ai,https://www.copy.ai/?via=AI-pedia?ref=ai-pedia,"Generate high-quality copy that sells with Copy.ai, the AI-powered copywriter. Simplify your marketing and get started for free without the need for a credit card.","AI-powered copywriting for high-quality content;
Free to get started with no credit card required;
Simplifies marketing efforts;
Generates copy that sells;
Saves time and effort in creating content;
Helps businesses improve their online presence;
Offers a variety of templates and options for customization;
Provides SEO optimization for better search engine rankings;",Writing tool,,,Free,
Playlist AI,https://www.playlistai.app/?ref=ai-pedia,"Create the ultimate playlists on Spotify and Apple Music with our top-rated app. Utilize AI prompts, images, videos, and your favorite tunes to curate the perfect soundtrack for any occasion.","AI-powered playlist creation prompts;
Integration with both Spotify and Apple Music;
Ability to create playlists from images and videos;
Personalized playlist suggestions based on most-listened-to music;
User-friendly interface for easy playlist creation;
Seamless integration with existing music libraries;
Option to share playlists with friends and social media platforms;
Regular updates and improvements to the platform.",Music,,Mobile app,Paid,
TrendSpider,https://trendspider.com/?ref=ai-pedia,"TrendSpider Automated Technical Analysis is a cutting-edge trading software that offers a comprehensive toolkit for investors. With enterprise-grade charting, scanning, backtesting, and alerting features, TrendSpider makes investing more efficient. It supports data for a wide range of assets, including stocks, ETFs, global currencies, digital assets, futures, and indices.","Automated Technical Analysis for efficient investing;
Enterprise-grade charting for accurate analysis;
Scanning and backtesting for better decision-making;
Alerting system for timely notifications;
Supports data for various assets including stocks, ETFs, Forex, crypto, futures, and indices;","Virtual assistant, Finance",,,Paid,
Amper Music Score,https://score.ampermusic.com/?ref=ai-pedia,"Discover a vast library of 100,000+ unique tracks created by Amper Music, now available on Shutterstock.","Access to over 100,000 exclusive tracks;
Pre-generated by Amper Music;
Directly available on Shutterstock;
High-quality music for various projects;
Easy to search and filter tracks;
Seamless integration with Shutterstock's platform;
Royalty-free music for commercial use;
Customizable tracks to fit specific project needs;
Time-saving solution for content creators;
Affordable pricing options;","Music , Audio samples",,,Paid,
10Web,https://10web.io/?ref=ai-pedia,"Discover 10Web's all-in-one solution for website building, hosting, and page speed optimization. Our automated tools enhance your website's performance, boosting Core Web Vitals and providing a seamless user experience.","Automated website builder for easy website creation;
Hosting services for reliable website performance;
PageSpeed booster for faster website loading times;
Improves Core Web Vitals for better website user experience;
Saves time and effort in website development and optimization;
User-friendly interface for easy navigation and management;
SEO optimization for better search engine rankings;
Responsive design for optimal viewing on all devices;
Secure hosting for protection against cyber threats;
24/7 customer support for assistance and troubleshooting.;",Web/App Development,,,Paid,
Adept AI,https://www.adept.ai/?ref=ai-pedia,Adept is a cutting-edge ML research and product lab focused on building general intelligence through innovative collaboration between humans and computers.,"ML research and product lab;
Building general intelligence;
Enabling humans and computers to work together creatively;
Innovative approach to AI development;
Focus on collaboration between humans and machines;
Cutting-edge technology and techniques;
Emphasis on creativity and innovation;
Potential for groundbreaking advancements in AI;",AI Model,,,Paid,
Adobe Podcasts,https://podcast.adobe.com/?ref=ai-pedia,"Experience the latest in audio technology with Adobe's next generation solution. Record, transcribe, edit, and share with ease, all while enjoying crisp and clear sound quality.","Next generation audio technology from Adobe;
Record, transcribe, edit, and share audio;
Crisp and clear audio quality;
Easy to use platform;
Advanced editing tools;
Seamless integration with other Adobe products;
Reliable and efficient transcription services;
Collaborative features for team projects;
Customizable settings for personalized experience;
SEO optimized for better search engine visibility.;",Audio Editing,,,Paid,
AI Art Apps,https://aiartapps.com/?ref=ai-pedia,"Discover a wealth of AI art resources and tools to inspire your creativity, enhance your skills, and connect with like-minded designers and artists. Explore a range of prompts and craft ideas designed specifically for prompt engineers, all in one convenient place.","AI-powered art resources and tools for inspiration and creation;
Learning resources for designers and artists;
Communities for artists and designers to connect and collaborate;
Prompt craft for prompt engineers to generate ideas and inspiration;
SEO optimized platform for easy discovery and accessibility;","Art, Prompt",,,Freemium,
Bifrost,https://bifrost.so/?ref=ai-pedia,Transform your Figma designs into React code with ease using AI technology.,"AI-powered platform;
Converts Figma designs into React code;
Automatic process;
Clean code output;
Saves time and effort;
Enhances productivity;
Improves workflow efficiency;
User-friendly interface;
Seamless integration with Figma;
High-quality results;
SEO optimized;","Developer tool, Code assistant",,,Paid,
AI Dungeon,https://play.aidungeon.io/?ref=ai-pedia,"Experience an endless text adventure with AI Dungeon, utilizing the power of deep learning for infinite possibilities.","Infinitely generated text adventures;
Powered by deep learning technology;
AI-generated storylines and characters;
Customizable story prompts and settings;
Multiplayer mode for collaborative storytelling;
Ability to save and share stories;
Available on web and mobile platforms;
Constantly evolving and improving through machine learning updates;",Gaming,,,Freemium,
AI Writer,https://ai-writer.com/?ref=ai-pedia,Get high-quality articles with ease. Try our 7-day trial and experience it for yourself!,"Headline submission for article creation;
7-day trial period;
Easy and simple process;
Quick results;
User-friendly platform;
SEO optimization for articles;",Content creation,,,Freemium,
Airbrush ,https://www.airbrush.ai/?ref=ai-pedia,"Airbrush's AI technology enables quick and effortless creation of unique stock photos, NFTs, and art.","AI technology for quick and easy creation of original stock photos, NFTs, art, and more;
Fast results in just seconds;
Versatile platform for various creative projects;
User-friendly interface for easy navigation;
High-quality output for professional results;
Time-saving solution for busy professionals;
Innovative approach to creative content creation;
Ideal for artists, designers, and content creators;
SEO optimized for better visibility and search engine rankings.","Image generator, NFTs",,,Paid,
Aiva,https://www.aiva.ai/?ref=ai-pedia,AIVA is an innovative Artificial Intelligence music composer that crafts unique and tailored music for your creative endeavors.,"AIVA is an Artificial Intelligence music composer;
It creates original and personalized music for your projects;
The platform uses advanced algorithms to generate unique compositions;
AIVA can create music in various genres and styles;
The platform is user-friendly and easy to use;
AIVA's music is royalty-free and can be used for commercial purposes;
The platform offers a range of pricing plans to suit different needs and budgets;
AIVA's music has been used by major brands and media companies;
The platform is constantly evolving and improving its capabilities.",Music ,,,Paid,
Background LOL,https://background.lol/?ref=ai-pedia,Generate stunning AI wallpapers instantly!,"Instant creation of AI-powered wallpapers;
Wide range of customization options;
High-quality and visually appealing designs;
User-friendly interface for easy navigation;
Compatible with various devices and screen sizes;
Time-saving solution for wallpaper creation;
Innovative use of AI technology;
Affordable pricing options;
Regular updates and new features added;
SEO optimized for better visibility and search engine rankings.",Image generator,,,Free,
Check For AI,https://checkforai.com/?ref=ai-pedia,Identify AI-generated text in various forms of writing with our free analysis tool. Start detecting today!,"AI-powered text analysis;
Detection of AI written text in essays, emails, and more;
Free sign up;
Easy to use platform;
Accurate results;
Time-saving tool;
Helps improve writing skills;
Enhances content quality;
SEO optimized results;",AI Detector,,,Free,
Liner,https://liner.ai/?ref=ai-pedia,"Liner is a user-friendly platform that enables effortless creation and implementation of machine learning applications, without the need for coding or specialized knowledge.","Free tool for building and deploying machine learning applications;
No coding or expertise in machine learning required;
Quick and easy deployment within minutes;
User-friendly interface;
Saves time and resources;
Enables businesses to leverage the power of machine learning;
Helps in making data-driven decisions;
Improves efficiency and accuracy of processes;
Accessible to everyone, regardless of technical background;
SEO optimized for better visibility and search engine rankings;",Developer tool,,,Free,
Audialab,https://audialab.com/?ref=ai-pedia,Create unlimited sounds and use them freely without any royalty fees.,"Unlimited sound generation;
Royalty-free use of created sounds;
Customizable sound options;
User-friendly interface;
High-quality sound output;
Versatile application in various industries;
Time-saving sound creation process;
Accessible from anywhere with internet connection;
Affordable pricing options;","Music , Audio samples",,,Free,
NVIDIA Maxine,https://developer.nvidia.com/maxine?ref=ai-pedia,Maxine by NVIDIA is a powerful set of SDKs that harness the power of GPUs to enhance audio and video quality in real-time using AI technology.,"NVIDIA Maxine is a suite of SDKs;
It is GPU-accelerated;
It improves real-time audio and video quality;
It uses AI technology;
It offers advanced features for video conferencing and streaming;
It reduces bandwidth usage;
It enhances video compression;
It provides noise cancellation and virtual background features;
It supports multiple languages and accents;
It is easy to integrate into existing applications.;","AI model, Video editing",,,Paid,
Profile Picture AI,https://www.profilepicture.ai/?via=AI-pedia?ref=ai-pedia,Create a captivating profile picture that truly represents you with our AI-generated pfps. Impress others with a perfect image that showcases your personality and uniqueness.,"AI-generated profile pictures that capture your personality and style;
Ability to create a profile picture of anything, anywhere, or anyone;
Use of artificial intelligence technology to ensure high-quality results;
Easy and user-friendly interface for creating and editing profile pictures;
Option to customize and personalize your AI-generated profile picture;
SEO optimized platform for maximum visibility and reach.",Image generator,,,Freemium,
Rytr,https://rytr.me/?via=AI-pedia,Rytr is an innovative AI writing tool that enables you to produce top-notch content quickly and affordably.,"AI-powered writing assistant;
Creates high-quality content quickly;
Cost-effective solution;
Saves time and effort;
User-friendly interface;
Customizable content templates;
Multiple language support;
SEO optimization suggestions;
Plagiarism checker;
24/7 customer support;","Writing tool, content creation",,,Paid,
Scenario.gg,https://www.scenario.gg/?ref=ai-pedia,"Create high-quality, style-consistent game assets with AI technology. Build your own AI engine and custom-train models with your own data to unlock astounding creativity and speed up production. Generate unique, cohesive content for your game in minutes. Start creating today.","Consistent asset creation in minutes;
Build your own AI engine;
Create proprietary AI models with custom-trained data;
Unlock astounding creativity;
Quickly test new game concepts and ideas;
Speed up your production;
Generate unique, high-quality content cohesive to your art direction;","Gaming, Game development",,,Paid,
Stability AI,https://stability.ai/?ref=ai-pedia,Empowering humanity through AI technology.,"AI-powered platform for the people;
Built to activate humanity's potential;
User-friendly interface;
Accessible to all;
Community-driven approach;
Cutting-edge technology;
Personalized experience;
Empowering individuals and communities;
Promoting collaboration and innovation;
Fostering creativity and growth;
Supporting social impact and positive change;
Scalable and adaptable to different needs and contexts;
Continuous improvement and learning;",Image generator,,,Free,
Synthesys,https://synthesys.io/x/?ref=ai-pedia,Transform your online inspiration into one-of-a-kind creations.,"Easy-to-use platform for creating unique online content;
Wide range of customizable templates and designs;
Access to a library of high-quality images and graphics;
Ability to upload and use your own images and graphics;
Intuitive drag-and-drop interface for easy editing and customization;
Built-in tools for adding text, shapes, and other design elements;
Option to collaborate with others on your projects;
Seamless integration with social media and other online platforms;
Affordable pricing plans for individuals and businesses of all sizes;
SEO optimization tools to help your content rank higher in search results;",Image generator,,,Freemium,
The Keys,https://www.thekeys.ai/?ref=ai-pedia,"Keys helps you communicate effectively and authentically, ensuring your message is conveyed with clarity and personality.","Keys helps you communicate effectively without losing your intended message;
Our platform ensures your message sounds natural and not robotic;
We offer a user-friendly interface for easy navigation;
Our AI technology optimizes your content for SEO purposes;
Keys provides suggestions for improving your writing style and grammar;
Our platform is designed to save you time and effort in crafting your message.;",Chatbot,,,Freemium,
Tutorai,https://www.tutorai.me/?ref=ai-pedia,Instantly expand your knowledge with our comprehensive learning resources.,"Instant access to information on any topic;
Comprehensive and reliable sources;
User-friendly interface for easy navigation;
Customizable search options;
Regularly updated content;
Mobile-friendly design for on-the-go learning;
Interactive features for enhanced learning experience;
Community forums for discussion and collaboration;
Personalized recommendations based on user preferences;
Accessible from anywhere with internet connection.","Learning tool, Education ",,,Free,
Wave.video,https://wave.video?ref=Ai-pedia?ref=ai-pedia,"Create and share stunning videos with our versatile online platform. Whether you're a seasoned pro or just starting out, our all-in-one solution makes editing, recording, and multi-streaming a breeze. Sign up for a free trial today!","All-in-one online video platform for creators of all levels;
Edit, record, multi-stream, and host professional-looking videos;
Easy to use interface;
Free trial available;
Suitable for beginners and professionals alike;
High-quality video output;
Customizable video player;
Advanced analytics and reporting;
Secure video hosting;
SEO optimized video pages;","Video editing, All-in-one",,,Freemium,
VidIQ,https://vidiq.com/everythingalways?ref=ai-pedia,"AI-powered video marketing tool that helps businesses optimize their YouTube videos. The platform uses data analysis and machine learning to suggest keywords, tags, and titles that improve video visibility and engagement.","Keyword research and optimization tools;
Competitor analysis and tracking;
Video performance analytics and insights;
Customizable video thumbnails and end screens;
Collaboration and team management features;
YouTube channel audit and optimization suggestions;
Trending topic and hashtag suggestions;
Social media integration and cross-promotion tools;
SEO-friendly video title and description suggestions;
Audience engagement and retention analytics;",Analytics,,,Freemium,
Xno,https://xno.ai/?ref=ai-pedia,"Revolutionize your cryptocurrency mining with our innovative text-to-image AI service, utilizing open source AI to mine for nano.","Text-to-image AI service;
Open source AI mining;
Cryptocurrency nano mining;
Advanced AI technology;
Efficient and accurate results;
User-friendly interface;
Customizable options;
Fast processing speed;
Reliable and secure platform;
Cost-effective solution;",Image generator,,Open source,Paid,
Amazon CodeWhisperer,https://aws.amazon.com/codewhisperer/?ref=ai-pedia,"Accelerate app development with CodeWhisperer, the AI-driven coding assistant from Amazon.","ML-powered coding companion for faster application development;
Boost productivity and efficiency with CodeWhisperer;
Access to a wide range of coding tools and resources;
Seamless integration with Amazon Web Services (AWS);
Real-time code analysis and suggestions for improvement;
Customizable settings to fit individual coding preferences;
User-friendly interface for easy navigation and use;
Compatible with multiple programming languages;
Regular updates and improvements for optimal performance;
Designed to meet the needs of both novice and experienced developers;",Code assistant,,,Paid,
Goose AI,https://goose.ai/?ref=ai-pedia,Save money on AI infrastructure with our fully managed NLP-as-a-Service delivered via API. Cut costs by 30% and migrate today.,"Fully managed NLP-as-a-Service;
Delivered via API;
30% lower cost than competitors;
Migration assistance available;
No need to overpay for AI infrastructure;",AI Model,,API,Paid,
Goose AI,https://goose.ai/?ref=ai-pedia,Save money on AI infrastructure with our fully managed NLP-as-a-Service delivered via API. Cut costs by 30% and migrate today.,"Fully managed NLP-as-a-Service;
Delivered via API;
30% lower cost than competitors;
Migration support available;
No need to overpay for AI infrastructure;",Developer tool,,API,Paid,
Monica,https://monica.im/?ref=ai-pedia,"Chat with Monica, your AI assistant powered by ChatGPT API, and enjoy free-flowing conversations on any topic. With over 80 templates, effortlessly create copywriting and insert text into any web page. Monica can also help you understand, translate, and rephrase text on any web page.","Chat with Monica, an AI assistant powered by ChatGPT API;
Free to get started;
Over 80 templates available for effortless copywriting;
Monica can help you compose and insert text into any web page;
Select text on any web page and let Monica explain, translate, and rephrase for you;
SEO optimized for better search engine visibility;",Copywriting,,"API, GPT",Free,
Operand AI,https://operand.ai/teams/?ref=ai-pedia,Create intelligent features for your app with Operand's API. Easily upload files and utilize their contents to build advanced capabilities.,"API for building intelligent features in applications;
Ability to upload files for processing;
Enables apps to ""know stuff"";
Streamlines development process;
Enhances user experience;
Increases app functionality;
Improves data analysis capabilities;
Supports machine learning and AI integration;
Facilitates data-driven decision making;
Boosts productivity and efficiency.;",Web/App Development,,API,Paid,
Pipeline,https://www.pipeline.ai/?ref=ai-pedia,Efficient pay-per-millisecond API for seamless ML production deployment and access to cutting-edge AI models.,"Pay-per-millisecond API for ML production;
Ability to deploy own model;
Access to state-of-the-art AI models;
Flexible and customizable platform;
Scalable infrastructure for high-performance computing;
User-friendly interface for easy navigation and management;
Advanced security measures to protect data and models;
Continuous updates and improvements to stay up-to-date with the latest technology trends.;",Developer tool,,API,Paid,